,Event Description,Year,Date Event Began,Time Event Began,Date of Restoration,Time of Restoration,Respondent,Geographic Areas,NERC Region,Demand Loss (MW),Number of Customers Affected
4,Physical Attack - Vandalism,2014,6/24/2014,14:54:00,6/24/2014,14:55:00,Tennessee Valley Authority,"Nashville, Tennessee",SERC,,
5,Physical Attack - Vandalism,2014,6/19/2014,08:47:00,6/19/2014,08:48:00,Tennessee Valley Authority,"Nashville, Tennessee",SERC,,
6,Physical Attack - Vandalism,2014,6/18/2014,09:52:00,6/18/2014,19:00:00,Public Utility District No.1 of Snohomish County (SNPD),Washington,WECC,,
9,Suspected Physical Attack,2014,6/12/2014,09:10:00,6/12/2014,09:11:00,"Luminant Energy Company, LLC","Somervell County, Texas",ERCOT,,
10,Physical Attack - Vandalism,2014,6/11/2014,16:00:00,6/11/2014,16:30:00,South Mississippi El Pwr Assn,Southern Mississippi,SERC,,
11,Suspected Physical Attack,2014,6/11/2014,09:30:00,6/11/2014,09:31:00,Tucson Electric Power,"Nogales, Arizona",WECC,,
19,Physical Attack - Vandalism,2014,6/3/2014,01:38:00,6/3/2014,01:43:00,Lower Colorado River Authority,Texas,ERCOT,,
20,Physical Attack - Vandalism,2014,5/27/2014,11:00:00,5/27/2014,16:53:00,Arizona Public Service Co,"Phoenix, Arizona",WECC,,
22,Physical Attack - Vandalism,2014,5/23/2014,15:00:00,5/25/2014,19:00:00,Duke Energy Progress,North Carolina,SERC,,
23,Physical Attack - Vandalism,2014,5/20/2014,07:01:00,5/20/2014,07:02:00,PacifiCorp,"Duchesne County, Utah",WECC,,
26,Suspected Physical Attack,2014,5/15/2014,12:10:00,5/15/2014,12:13:00,"Whiting Clean Energy, Inc.","Whiting, Indiana",RFC,,
28,Physical Attack - Vandalism,2014,5/12/2014,13:14:00,5/12/2014,13:15:00,PacifiCorp,"Layton, Utah",WECC,,
29,Physical Attack - Vandalism,2014,5/11/2014,18:38:00,5/11/2014,18:39:00,Great River Energy,"MISO North, Minnesota",MRO,,
31,Physical Attack,2014,5/8/2014,08:39:00,5/8/2014,08:40:00,"CSolar IV South, LLC","Imperial Valley, California",WECC,,
32,Physical Attack,2014,5/8/2014,01:00:00,5/8/2014,01:01:00,Clarksdale Public Utilities,Mississippi,SERC,,
37,Physical Attack - Vandalism,2014,4/27/2014,12:07:00,4/27/2014,12:09:00,PacifiCorp,"Albany, Oregon",WECC,,
38,Physical Attack - Vandalism,2014,4/25/2014,07:00:00,4/25/2014,07:30:00,Delmarva Power & Light Company,Delaware,RFC,,
43,Physical Attack - Vandalism,2014,4/8/2014,13:00:00,4/8/2014,13:01:00,"Western Area Power Administration, Sierra Nevada Region","Davis, California",WECC,,
50,Physical Attack,2014,3/26/2014,16:00:00,4/10/2014,12:00:00,ITC Midwest LLC,Iowa,MRO,,
51,Physical Attack - Vandalism,2014,3/24/2014,11:07:00,3/24/2014,11:08:00,PacifiCorp,"Salt Lake City, Utah",WECC,,
52,Suspected Cyber Attack,2014,3/20/2014,00:00:00,3/20/2014,00:01:00,NRG Energy Inc 2,New York,NPCC,,
53,Physical Attack - Sabatoge,2014,3/17/2014,17:25:00,3/18/2014,00:56:00,Arizona Public Service Co,"Glendale, Arizona",WECC,,
54,Physical Attack - Vandalism,2014,3/14/2014,12:34:00,3/14/2014,16:45:00,ITC Holdings,"Boone County, Iowa",MRO,,
56,Suspected Physical Attack,2014,3/11/2014,00:00:00,3/13/2014,00:00:00,ITC Midwest LLC,"Boone County, Iowa",MRO,,
58,Physical Attack,2014,3/5/2014,17:06:00,3/5/2014,17:07:00,PacifiCorp,"Salt Lake City, Utah",WECC,,
60,Suspected Physical Attack,2014,3/3/2014,17:25:00,3/3/2014,17:25:00,"Orange and Rockland Utilities, Inc.",New York,NPCC,,
66,Physical Attack - Vandalism,2014,2/18/2014,18:43:00,2/18/2014,18:44:00,PacifiCorp,"Bend, Oregon",WECC,,
67,Physical Attack - Vandalism,2014,2/14/2014,13:00:00,2/14/2014,15:00:00,PacifiCorp,"Portland, Oregon",WECC,,
69,Physical Attack - Vandalism,2014,2/12/2014,14:15:00,2/12/2014,14:16:00,ISO New England,Vermont,NPCC,,
86,Physical Attack - Vandalism,2014,1/30/2014,15:00:00,,,Tucson Electric Power,Arizona,WECC,,
87,Physical Attack - Vandalism,2014,1/29/2014,16:00:00,1/29/2014,16:44:00,Madison Gas and Electric,,MRO,,
89,Physical Attack,2014,1/26/2014,23:00:00,,,Public Service Electric &Gas,New Jersey,RFC,,
90,Physical Attack - Vandalism,2014,1/26/2014,21:00:00,1/27/2014,11:00:00,PacifiCorp,Oregon,WECC,,
91,Physical Attack - Vandalism,2014,1/25/2014,10:00:00,1/25/2014,11:00:00,Madison Gas and Electric,"Madison, Wisconsin",MRO,,
92,Physical Attack - Vandalism,2014,1/24/2014,15:30:00,1/24/2014,17:00:00,Madison Gas and Electric,Wisconsin,MRO,,
94,Physical Attack - Vandalism,2014,1/23/2014,21:17:00,1/24/2014,17:00:00,Tacoma Power (TPWR),"Wynoochee, Washington",WECC,,
98,Physical Attack - Vandalism,2014,1/22/2014,09:45:00,1/22/2014,20:19:00,Duke Energy Midwest,Ohio,RFC,,
99,Physical Attack - Vandalism,2014,1/22/2014,13:55:00,1/22/2014,14:55:00,Madison Gas and Electric,Wisconsin,MRO,,
100,Suspected Physical Attack,2014,1/22/2014,21:15:00,1/23/2014,03:08:00,Public Service Electric &Gas,"Burlington County, New Jersey",RFC,,
101,Physical Attack - Vandalism,2014,1/22/2014,00:30:00,1/22/2014,02:45:00,Madison Gas and Electric,Wisconsin,MRO,,
102,Physical Attack - Vandalism,2014,1/21/2014,17:00:00,,,Public Service Electric &Gas,New Jersey,RFC,,
103,Physical Attack - Vandalism,2014,1/21/2014,12:14:00,1/21/2014,12:39:00,Ameren Missouri,Missouri,SERC,10,
106,Suspected Physical Attack,2014,1/17/2014,12:20:00,1/17/2014,12:20:00,Dayton Power & Light Co,Ohio,RFC,,
107,Physical Attack - Vandalism,2014,1/16/2014,12:30:00,1/16/2014,13:57:00,Arizona Public Service Co,Arizona,WECC,,
108,Physical Attack - Vandalism,2014,1/15/2014,14:32:00,1/15/2014,14:45:00,PacifiCorp,Utah,WECC,,
109,Physical Attack - Vandalism,2014,1/13/2014,16:44:00,1/13/2014,16:45:00,Arizona Public Service Co,Arizona,WECC,,
128,Vandalism,2014,1/6/2014,14:37:00,1/6/2014,14:38:00,PacifiCorp,Utah,RFC,,
130,Physical Attack,2013,12/30/2013,11:00:00,12/30/2013,11:01:00,PacifiCorp,Salt Lake County Utah,WECC,,
131,Physical Attack,2013,12/30/2013,11:00:00,1/1/2014,08:00:00,Arizona Public Service Co,North of Roosevelt lake Arizona,WECC,,
132,Physical Attack,2013,12/27/2013,09:43:00,12/27/2013,12:43:00,Arizona Public Service Co,Gilabend Arizona,WECC,,
139,Suspected Physical Attack,2013,12/10/2013,01:01:00,12/11/2013,01:01:00,Arizona Public Service Co,Arizona,WECC,,
142,"Physical Attack - Vandalism, Theft",2013,12/6/2013,08:47:00,12/6/2013,08:49:00,PacifiCorp,"Saratoga, Utah",WECC,,
144,Physical Attack - Vandalism,2013,11/24/2013,07:38:00,11/24/2013,07:39:00,Pacific Gas & Electric Co,Salt Lake County Utah,WECC,,
146,Physical Attack - Vandalism,2013,11/20/2013,03:08:00,11/20/2013,03:09:00,Pacific Gas & Electric Co,Salt Lake County Utah,WECC,,
156,Physical Attack - Vandalism,2013,11/16/2013,15:15:00,11/16/2013,15:16:00,PacifiCorp,"Salt Lake County, Utah",WECC,,
159,Physical Attack,2013,11/5/2013,10:10:00,11/7/2013,10:10:00,Duke Energy Indiana Inc,Indiana,RFC,,
160,Physical Attack - Vandalism,2013,11/4/2013,09:04:00,11/4/2013,09:05:00,ISO New England,Connecicut,NPCC,,
161,Physical Attack - Vandalism,2013,11/2/2013,08:25:00,11/2/2013,08:26:00,PacifiCorp,"Salt Lake City, Utah",WECC,,
163,Physical Attack - Vandalism,2013,11/1/2013,13:26:00,11/1/2013,13:27:00,Delmarva Power & Light Company,"Wilmington, Delaware",RFC,,
165,Suspected Physical Attack,2013,10/26/2013,07:13:00,10/26/2013,07:14:00,Arizona Public Service Co,Arizona,WECC,,
167,Physical Attack,2013,10/19/2013,14:32:00,10/19/2013,22:00:00,Pacific Gas & Electric Co,California,WECC,,
168,Cyber Event with Potential to Cause Impact,2013,10/16/2013,11:15:00,10/16/2013,18:00:00,Duke Energy Progress,"Roxboro Plant, North Carolina",SERC,0,0
169,Physical Attack,2013,10/11/2013,14:30:00,10/11/2013,18:30:00,MISO - Entergy,"Keo, Arkansas",SERC,,
170,Physical Attack,2013,10/6/2013,07:25:00,10/6/2013,09:15:00,MISO - AECC,"Jacksonville, Arkansas",SPP,,"9,200"
171,Physcial Attack; Sabotage,2013,9/29/2013,00:00:00,9/29/2013,01:00:00,Entergy Systems Incorporated,Cabot Arkansas,SERC,,
176,Physcial Attack; Vandalism,2013,8/29/2013,09:50:00,8/29/2013,09:50:00,Empire District Electric Co,"Joplin, Missouri",SPP,,
177,Physcial Attack; Vandalism,2013,8/28/2013,09:30:00,8/28/2013,09:31:00,PacifiCorp,Sweetwater County Wyoming,WECC,,
178,Physcial Attack; Vandalism,2013,8/26/2013,20:15:00,8/26/2013,20:16:00,Tacoma Power (TPWR),Tacoma Washington,WECC,,
179,Physcial Attack; Vandalism,2013,8/23/2013,07:30:00,8/23/2013,07:31:00,Delmarva Power & Light Company,"New Castle, Delaware",RFC,,
180,Physcial Attack; Vandalism,2013,8/22/2013,12:55:00,8/22/2013,14:45:00,Delmarva Power & Light Company,"New Castle, Delaware",RFC,,
181,Physcial Attack; Sabotage,2013,8/22/2013,08:40:00,8/22/2013,11:49:00,Constellation Energy Control & Dispatch - for Gila River,"Gila River, Arizona",WECC,,
182,Physcial Attack; Sabotage,2013,8/21/2013,14:00:00,8/21/2013,14:01:00,Entergy Arkansas Inc,"Cabot, Arkansas",SERC,,
185,Suspicious Activity,2013,8/12/2013,11:55:00,8/12/2013,11:59:00,PacifiCorp,"Portland, Oregon",WECC,,
187,Physcial Attack; Vandalism,2013,8/7/2013,14:30:00,8/8/2013,13:00:00,"Caithness Shepherds Flat, LLC","Arlington, Oregon",WECC,,
189,Physcial Attack; Vandalism,2013,8/6/2013,16:00:00,8/6/2013,17:32:00,El Paso Electric,"Holloman Air Force Base, New Mexico",WECC,,
191,Physical Attack; Vandalism,2013,8/4/2013,03:00:00,8/4/2013,04:00:00,Pacificorp,Utah,WECC,,
193,Physical Attack; Copper Theft,2013,8/1/2013,11:00:00,8/1/2013,16:00:00,Central Hudson Gas & Electric,"Newburgh, New York",NPCC,,
195,Physical Attack; Vandalism,2013,7/25/2013,13:10:00,7/25/2013,13:15:00,Tacoma Power (TPWR),"Polk Substation, Tacoma Washington",WECC,,
197,Physical Attack; Vandalism,2013,7/22/2013,07:00:00,7/22/2013,15:00:00,Terra-Gen Operating Company,California,WECC,,
202,Physical Attack; Vandalism,2013,7/18/2013,03:15:00,7/18/2013,03:59:00,PacifiCorp,Utah,WECC,,
204,Physical Attack; Vandalism,2013,7/12/2013,10:00:00,7/12/2013,10:01:00,Tacoma Power (TPWR),Washington,WECC,,
205,Physical Attack; Vandalism,2013,7/11/2013,23:20:00,7/14/2013,15:22:00,Arizona Public Service Co,Arizona,WECC,455,
207,Physical Attack; Copper Theft,2013,7/10/2013,14:30:00,7/10/2013,14:45:00,ISO New England,"Boston, Massachusetts",NPCC,0,0
208,Physical Attack; Vandalism,2013,7/5/2013,00:05:00,7/5/2013,01:51:00,Pacific Gas & Electric Co,California,WECC,,"2,500"
210,Suspected Physical Attack,2013,7/3/2013,09:34:00,7/3/2013,10:52:00,Sacramento Municipal Utility District,Sacramento California,WECC,0,0
213,Physical Attack; Vandalism,2013,6/28/2013,17:14:00,6/28/2013,17:15:00,Delmarva Power & Light Company,New Castle Delaware,RFC,,
214,Physical Attack; Vandalism,2013,6/28/2013,13:00:00,6/28/2013,13:01:00,ISO New England,Vermont,NPCC,,
215,Physical Attack; Vandalism,2013,6/27/2013,01:10:00,6/27/2013,02:45:00,Potomac Electric Power Company,"Richie Substation,Seat Pleasant, Maryland",RFC,,
220,Physical Attack; Vandalism,2013,6/22/2013,04:59:00,6/22/2013,21:28:00,PacifiCorp,Medford Oregon,WECC,,
221,Suspected Physical Attack,2013,6/22/2013,16:12:00,6/22/2013,17:45:00,NorthWestern Energy LLC - (MT),Eastern Montana,WECC,,
222,Physical Attack; Vandalism,2013,6/21/2013,23:14:00,6/21/2013,23:15:00,Delmarva Power & Light Company,New Castle Delaware,RFC,,
223,Suspected Cyber Attack,2013,6/21/2013,08:31:00,10/30/2013,14:09:00,ITC Transmission,"Michigan, Iowa",MRO,,
224,Physical Attack; Vandalism & Sabotage,2013,6/21/2013,07:40:00,6/21/2013,12:14:00,"Valley Electric Assn, Inc",Pahrump Nevada,WECC,,"1,100"
227,Physcial Attack; Vandalism,2013,6/20/2013,18:00:00,6/21/2013,10:00:00,Potomac Electric Power Co,"Richie Station (No. 123), Maryland",RFC,,
242,Vandalism,2013,5/30/2013,10:15:00,5/30/2013,10:16:00,New York Power Authority,"Saranac, New York",NPCC,,
244,Vandalism/Theft,2013,5/29/2013,09:52:00,5/29/2013,09:53:00,Delmarva Power & Light Company,"Wilmington, Delaware",RFC,,
245,Physical Attack,2013,5/29/2013,00:00:00,5/29/2013,00:02:00,Dominion Virginia Power,"Henrico County, Virginia",SERC,,
246,Vandalism/Theft,2013,5/28/2013,13:00:00,5/28/2013,18:00:00,ISO New England,Maine,NPCC,None,None
250,Vandalism,2013,5/17/2013,08:35:00,5/17/2013,08:36:00,Delmarva Power & Light Company,"Newcastle, Delaware",RFC,,
251,Vandalism,2013,5/15/2013,14:11:00,5/15/2013,14:12:00,Delmarva Power & Light Company,"Wilmington, Delaware",RFC,,
252,Vandalism/Theft,2013,5/14/2013,00:01:00,5/14/2013,13:59:00,PacifiCorp,"Portland, Oregon",WECC,,
253,Vandalism,2013,5/14/2013,10:25:00,5/14/2013,11:42:00,Northeast Utilities/Public Service of New Hampshire,New Hampshire,NPCC,,
258,Vandalism,2013,4/25/2013,16:00:00,4/26/2013,10:55:00,City and County of San Francisco,"Sunol, California",WECC,0,0
259,Vandalism,2013,4/23/2013,11:00:00,4/23/2013,11:01:00,Delmarva Power & Light Company,"Newark, Delaware",RFC,,
261,Suspected Physical Attack,2013,4/21/2013,02:11:00,4/21/2013,12:30:00,Tennessee Valley Authority,East Tennessee,SERC,,
263,Suspected Physical Attack,2013,4/17/2013,15:36:00,4/17/2013,16:53:00,Tennessee Valley Authority,"Colbert Steam Plant in Cherokee, Alabama",SERC,,
264,"Loss of Part of a High Voltage Substation, Physical Attack",2013,4/16/2013,01:47:00,4/18/2013,15:25:00,Pacific Gas & Electric Co,California,WECC,,0
265,Vandalism,2013,4/9/2013,11:30:00,4/9/2013,11:31:00,Delmarva Power & Light Company,"Delaware City, Delaware",RFC,,
266,Sabotage; Vandalism,2013,4/3/2013,11:05:00,4/3/2013,14:00:00,Colorado Springs Utilities,"Colorado Springs, Colorado",WECC,0,0
267,Vandalism - Copper Wire Theft,2013,4/1/2013,08:40:00,4/1/2013,08:41:00,ISO New England,Connecticut,NPCC,,
268,Suspected Physical Attack,2013,3/29/2013,10:16:00,3/29/2013,10:17:00,Baltimore Gas and Electric,Maryland,RFC,,
269,Vandalism,2013,3/28/2013,13:01:00,3/28/2013,13:02:00,Delmarva Power & Light Company,"Wilmington, Delaware",RFC,,
270,Physical Attack; Vandalism,2013,3/27/2013,10:25:00,3/27/2013,12:19:00,ISO New England,Western Massachusetts,NPCC,,
271,Vandalism,2013,3/23/2013,07:00:00,3/23/2013,09:00:00,ISO New England,Connecticut,NPCC,,
272,Suspected Physical Attack,2013,3/18/2013,17:50:00,3/18/2013,18:07:00,Jacksonville Electric Authority (JEA),Northeast Florida,FRCC,0,0
277,Vandalism,2013,3/3/2013,16:27:00,3/3/2013,18:20:00,Potomac Electric Power Company,"Tacoma Park, Maryland",RFC,,
280,Vandalism,2013,2/21/2013,11:00:00,2/21/2013,11:30:00,El Paso Electric,"Las Cruces, New Mexico",WECC,,
282,Vandalism,2013,2/16/2013,07:54:00,2/16/2013,07:54:00,Potomac Electric Power Company,Prince George's County Maryland,RFC,1,1
283,Vandalism,2013,2/15/2013,00:00:00,2/15/2013,00:01:00,Potomac Electric Power Company,"Tuxedo, Maryland",RFC,,
285,Vandalism,2013,2/13/2013,09:30:00,2/13/2013,09:30:00,Potomac Electric Power Company,"Fort Washington, Maryland",RFC,1,1
287,Vandalism; Equipment Fault,2013,2/9/2013,08:30:00,2/9/2013,15:00:00,El Paso Electric Co.,"El Paso, New Mexico",WECC,,
291,Vandalism,2013,2/7/2013,08:32:00,2/7/2013,09:47:00,Duke Energy Ohio Inc,"Cincinnati, Ohio",RFC,,0
292,Vandalism,2013,2/2/2013,21:15:00,2/2/2013,22:15:00,El Paso Electric Co.,"El Paso, New Mexico",WECC,,
295,Physical Attack,2013,1/28/2013,16:46:00,1/28/2013,18:00:00,Tacoma Power (TPWR),"Tacoma Narrows Crossing, Washington",WECC,,
300,Suspected Physical Attack,2013,1/16/2013,16:45:00,1/16/2013,19:26:00,Public Service Company of New Mexico,"San Juan County, New Mexico",WECC,0,0
301,Physcial Attack; Vandalism,2013,1/16/2013,14:25:00,1/16/2013,14:25:00,Delmarva Power & Light Company,"Denton, Maryland",RFC,,
302,Physical Attack,2013,1/16/2013,07:41:00,1/17/2013,10:58:00,MidAmerican Energy Co,"Webster County, Iowa",MRO,,
303,Physcial Attack; Vandalism,2013,1/7/2013,10:43:00,1/7/2013,10:43:00,Delmarva Power & Light Company,"Denton, Maryland",RFC,,
308,Suspected Physical Attack,2012,12/17/2012,06:55:00,12/17/2012,07:00:00,Tacoma Power (TPWR),"Tacoma, Washington",WECC,0,0
310,Suspected Physical Attack,2012,12/3/2012,12:02:00,12/3/2012,12:30:00,Tacoma Power (TPWR),"Tacoma, Washington",WECC,0,0
312,Physical Attack; Vandalism,2012,11/27/2012,13:07:00,11/27/2012,13:40:00,ISO New England,New Hampshire,NPCC,0,0
313,Physical Attack; Vandalism,2012,11/26/2012,15:07:00,11/26/2012,15:08:00,Delmarva Power & Light Company,"Georgetown, Delaware",RFC,,
314,Physical Attack; Vandalism,2012,11/26/2012,12:37:00,11/26/2012,12:38:00,Delmarva Power & Light Company,"Frankfort, Delaware",RFC,0,0
315,Physical Attack; Vandalism,2012,11/21/2012,14:50:00,11/21/2012,14:51:00,Delmarva Power & Light Company,"Bethany Beach, Delaware",RFC,,
317,Suspected Cyber Attack,2012,11/15/2012,21:09:00,11/15/2012,21:26:00,ITC Transmission,Iowa; Michigan,MRO,,
318,Physical Attack; Vandalism,2012,11/15/2012,05:38:00,11/15/2012,05:39:00,ISO New England,Southeast Massachusetts,NPCC,0,0
319,Physical Attack; Vandalism,2012,11/8/2012,09:34:00,11/8/2012,09:35:00,Delmarva Power & Light Company,"Bishopville, Maryland",RFC,0,0
320,Physical Attack; Vandalism,2012,11/7/2012,14:21:00,11/7/2012,14:48:00,ISO New England,New Hampshire,NPCC,0,0
321,Physical Attack; Vandalism,2012,11/2/2012,09:30:00,11/2/2012,12:10:00,ISO New England,"Concord, Vermont",NPCC,0,0
323,Physical Attack; Vandalism,2012,10/30/2012,15:00:00,10/30/2012,15:01:00,Black Hills/Colorado Elec.Util,"Pueblo, Colorado",WECC,,
324,Vandalism,2012,10/30/2012,13:20:00,10/30/2012,13:25:00,ISO New England,"Fitzwilliam, New Hampshire",NPCC,0,0
325,Physical Attack; Vandalism,2012,10/30/2012,00:00:00,10/30/2012,00:02:00,Potomac Electric Power Company (PEPCO),"Hyattsville, Maryland",RFC,0,0
339,Suspected Physical Attack,2012,10/29/2012,15:00:00,10/29/2012,15:01:00,Nevada Power Company d/b/a NV Energy,"Las Vegas, Nevada",WECC,,
346,Physical Attack; Vandalism,2012,10/29/2012,09:00:00,10/29/2012,09:01:00,City of Tacoma (TPWR),"LaGrande, Washington",WECC,0,0
350,Physical Attack; Vandalism,2012,10/25/2012,18:51:00,10/25/2012,19:30:00,Delmarva Power & Light Company,"Newark, Delaware",RFC,0,0
351,Physical Attack; Vandalism,2012,10/25/2012,14:39:00,10/25/2012,18:00:00,Black Hills/Colorado Elec.Util,"Pueblo, Colorado",WECC,0,0
352,Physical Attack; Vandalism,2012,10/25/2012,00:00:00,10/25/2012,00:01:00,Potomac Electric Power Company (PEPCO),"West Lanham, Maryland",RFC,,
353,Physical Attack; Vandalism,2012,10/24/2012,15:15:00,10/24/2012,15:16:00,Delmarva Power & Light Company,"Frankford, Delaware",RFC,0,0
354,Physical Attack; Vandalism,2012,10/24/2012,00:00:00,10/24/2012,00:01:00,Potomac Electric Power Company (PEPCO),"Kingswood, Maryland",RFC,0,0
355,Suspected Physical Attack,2012,10/24/2012,00:00:00,10/24/2012,00:01:00,Potomac Electric Power Company (PEPCO),"Brighton, Maryland",RFC,0,0
357,Physical Attack; Vandalism,2012,10/22/2012,00:00:00,10/22/2012,00:01:00,Potomac Electric Power Company (PEPCO),"Norbeck, Maryland",RFC,0,0
358,Vandalism; Theft,2012,10/15/2012,14:15:00,10/15/2012,14:16:00,ISO New England,Southeast Vermont,NPCC,0,0
360,Vandalsim,2012,10/11/2012,00:00:00,10/11/2012,00:01:00,Potomac Electric Power Company (PEPCO),"Seat Pleasant, Maryland",RFC,0,0
361,Vandalsim,2012,10/9/2012,00:00:00,10/9/2012,00:01:00,Potomac Electric Power Company (PEPCO),"Seat Pleasant, Maryland",RFC,0,0
362,Suspected Physical Attack,2012,10/5/2012,17:30:00,10/5/2012,17:50:00,Western Area Power Authority - Sierra Nevada Region,"Greater Sacramento, California",WECC,,
364,Suspected Physical Attack,2012,9/24/2012,00:00:00,9/25/2012,00:00:00,PEPCO (Potomac Electric Power Company),"Brighton, Maryland",RFC,0,0
376,Suspected Physical Attack,2012,8/19/2012,08:42:00,8/19/2012,12:08:00,El Paso Electric Co,"El Paso, Texas",WECC,12,"3,314"
377,Vandalism,2012,8/16/2012,13:13:00,8/16/2012,13:13:00,Northern Indiana Public Service Company,Northern Indiana,RFC,0,0
379,Vandalism,2012,8/13/2012,13:15:00,8/13/2012,13:15:00,Tennessee Valley Authority,"Knoxville, Tennessee",SERC,,
380,Suspected Physical Attack,2012,8/11/2012,12:45:00,8/11/2012,17:00:00,"City of Tacoma, TPWR","Tacoma, Washington",WECC,,
392,Vandalism,2012,7/19/2012,12:32:00,7/19/2012,12:33:00,Delmarva Power & Light Company,"Newark, Delaware",RFC,,
402,Vandalism,2012,7/6/2012,15:05:00,7/6/2012,15:06:00,City of Tacoma - TPWR,"Tacoma, Washington",WECC,,
421,Physical Attack,2012,6/29/2012,10:45:00,6/29/2012,10:45:00,Delmarva Power & Light Company,"New Castle, Delaware",RFC,0,0
428,Vandalism,2012,6/13/2012,16:55:00,6/13/2012,22:09:00,Public Service Company of New Mexico,"San Juan County, New Mexico",WECC,0,0
432,Vandalism,2012,6/6/2012,12:37:00,6/6/2012,12:37:00,Potomac Electric Power Company (PEPCO),"Columbia Heights, NW, Washington DC",RFC,0,0
433,Vandalism,2012,6/6/2012,08:00:00,6/6/2012,08:00:00,New York Power Authority,"Delhi, New York",NPCC,,
434,Vandalism,2012,6/2/2012,07:30:00,6/2/2012,11:35:00,Pacific Gas and Electric Company,"San Francisco, California",WECC,,
435,Physical Attack,2012,5/31/2012,23:45:00,6/1/2012,04:30:00,American Electric Power (AEP),"Columbus, Ohio",RFC,0,0
436,Physical Attack,2012,5/29/2012,18:30:00,5/29/2012,19:40:00,Tacoma Power (TPWR),"Alder Dam, Pierce County, Washington",WECC,,
438,Physical Attack,2012,5/24/2012,15:20:00,5/25/2012,17:29:00,ISO New England,"Tyngsborough, Massachusetts",NPCC,UNK,UNK
439,Vandalism,2012,5/11/2012,11:05:00,5/11/2012,11:20:00,Tacoma Power (TPWR),"Lakewood, Washington",WECC,,
441,Vandalism,2012,5/7/2012,12:50:00,5/7/2012,14:00:00,ISO New England,"Williston, Vermont",NPCC,0,0
442,Suspected Physical Attack,2012,4/23/2012,11:56:00,4/23/2012,15:35:00,Seattle City Light,"Snohomish County, Washington",WECC,,
443,Suspected Physical Attack,2012,4/23/2012,08:11:00,4/23/2012,12:47:00,Northern Indiana Public Service Company (NIPSCO),Northwest Indiana,RFC,,
444,Physical Attack,2012,4/21/2012,15:02:00,4/21/2012,20:09:00,ISO New England,"East Bridgewater, Massachusetts",NPCC,,
445,Suspected Physical Attack,2012,4/21/2012,20:55:00,4/23/2012,16:30:00,Tacoma Power (TPWR),"Tacoma, Washington",WECC,,
447,Suspected Physical Attack,2012,4/19/2012,07:53:00,4/19/2012,16:00:00,Tacoma Power (TPWR),"Tacoma, Washington",WECC,,
448,Suspected Physical Attack,2012,4/17/2012,06:11:00,4/17/2012,17:48:00,San Diego Gas & Electric Company,"San Diego County, California",WECC,0,0
450,Suspected Physical Attack,2012,4/15/2012,19:38:00,4/15/2012,21:26:00,Southern Company,Georgia,SERC,UNK,UNK
451,Suspected Physical Attack,2012,4/12/2012,08:08:00,4/12/2012,16:30:00,Tacoma Power (TPWR),"Tacoma, Washington",WECC,,
452,Vandalism,2012,4/11/2012,09:00:00,4/11/2012,09:00:00,North Attleborough Electric Department,"North Attleboro, Massachusetts",NPCC,0,0
453,Physical Attack,2012,4/7/2012,14:35:00,4/7/2012,14:36:00,Delmarva Power & Light Company,"Newark, Delaware",RFC,0,0
454,Physical Attack,2012,4/7/2012,12:25:00,4/7/2012,12:26:00,Delmarva Power & Light Company,"Newark, Delaware",RFC,0,0
455,Physical Attack,2012,4/7/2012,09:31:00,4/7/2012,09:32:00,Delmarva Power & Light Company,"Newark, Delaware",RFC,0,0
456,Suspected Physical Attack,2012,4/4/2012,15:32:00,4/6/2012,15:30:00,Western Area Power Authority - Sierra Nevada Region (WASN),"WAPA-SNR Regional Office, California",WECC,,
457,Physical Attack,2012,4/3/2012,15:33:00,4/3/2012,20:25:00,Seattle City Light,"Seattle, Washington",WECC,0,0
458,Vandalism,2012,4/3/2012,11:10:00,4/3/2012,11:25:00,ISO New England,"West Rutland, Vermont",NPCC,0,0
459,Vandalism,2012,4/1/2012,20:27:00,4/3/2012,08:28:00,Mid American Energy Company,"Council Bluffs, Iowa",MRO,0,0
460,Suspected Physical Attack,2012,3/30/2012,11:10:00,3/30/2012,11:30:00,ISO New England,Vermont,NPCC,,
462,Suspected Physical Attack,2012,3/28/2012,10:17:00,3/28/2012,10:17:00,Tacoma Power (TPWR),"Graham, Washington",WECC,,
463,Suspected Physical Attack,2012,3/26/2012,13:24:00,3/26/2012,13:24:00,Tacoma Power (TPWR),"Tacoma, Washington",WECC,,
464,Suspected Physical Attack,2012,3/23/2012,19:34:00,3/23/2012,19:34:00,Delmarva Power & Light Company,"Newark, Delaware",RFC,0,0
466,Suspected Physical Attack,2012,3/16/2012,16:00:00,3/16/2012,16:00:00,Delmarva Power & Light Company,"New Castle, Delaware",RFC,0,0
467,Suspected Physical Attack,2012,3/4/2012,13:38:00,3/5/2012,11:00:00,Entergy Corporation,Texas,SERC,UNK,UNK
468,Suspected Physical Attack,2012,3/4/2012,01:27:00,3/4/2012,06:58:00,Potomac Electric Power (Pepco Holdings Inc.),"Prince Georges County, Maryland",RFC,,
473,Suspected Physical Attack,2012,2/28/2012,07:00:00,2/28/2012,07:00:00,Coos Curry Electric Cooperative,Coos County Oregon,WECC,UNK,UNK
475,Suspected Physical Attack,2012,2/24/2012,11:24:00,2/24/2012,11:49:00,Tacoma Power (TPWR),"Spanaway, Washington",WECC,,
476,Suspected Physical Attack,2012,2/23/2012,05:45:00,2/23/2012,15:02:00,City of College Station,"South East College Station, Texas",TRE,0,0
477,Suspected Physical Attack,2012,2/23/2012,23:12:00,2/24/2012,01:00:00,ISO New England,"Londonderry, New Hampshire",NPCC,0,0
479,Suspected Cyber Attack,2012,2/17/2012,03:00:00,2/17/2012,11:33:00,"Entergy Services, Inc","Little Rock, Arkansas",SERC,UNK,UNK
480,Suspected Physical Attack,2012,2/15/2012,05:33:00,2/15/2012,17:30:00,Puget Sound Energy,"Port Orchard, Washington",WECC,0,0
481,Suspected Physical Attack,2012,2/14/2012,19:20:00,2/15/2012,16:00:00,Tacoma Power (TPWR),"Tacoma, Washington",WECC,,
482,Suspected Physical Attack,2012,2/13/2012,07:02:00,2/13/2012,16:25:00,Progress Energy Carolinas,"Asheville, North Carolina",SERC,,
483,Suspected Physical Attack,2012,2/11/2012,08:47:00,2/11/2012,10:30:00,Xcel Energy (Public Service Company of Colorado),"Lamar, Colorado",WECC,0,0
484,Suspected Physical Attack,2012,2/11/2012,08:55:00,2/11/2012,08:55:00,Tacoma Power (TPWR),"Tacoma, Washington",WECC,,
485,Vandalism,2012,1/29/2012,12:45:00,1/29/2012,12:45:00,Tacoma Power (TPWR),"Roosevelt Substation, Tacoma, Washington",WECC,,
486,Vandalism,2012,1/27/2012,09:40:00,1/27/2012,09:40:00,Tacoma Power (TPWR),"Frederickson Substation, Spanaway, Washington",WECC,,
487,Vandalism,2012,1/24/2012,11:22:00,1/24/2012,11:22:00,Tacoma Power (TPWR),"Tacoma, Washington",WECC,,
489,Suspected Cyber Attack,2012,1/17/2012,10:31:00,1/17/2012,17:21:00,"Pedernales Electric Cooperative, Inc.","Austin, Texas",TRE,,0
490,Vandalism,2012,1/15/2012,09:35:00,1/15/2012,09:35:00,Tacoma Power (TPWR),"Tacoma, Washington",WECC,,
491,Physical Attack,2012,1/13/2012,09:20:00,1/13/2012,09:20:00,Delmarva Power & Light Company,"Newark, Delaware",RFC,0,0
492,Physical Attack,2012,1/12/2012,08:26:00,1/12/2012,08:26:00,Delmarva Power & Light Company,"Newark, Delaware",RFC,0,0
493,Suspected Physical Attack,2012,1/11/2012,07:19:00,1/11/2012,09:07:00,Nevada Power Company (NV Energy),Nevada,WECC,0,0
495,Vandalism,2012,1/9/2012,14:30:00,1/9/2012,15:30:00,ISO New England/Convex,"Watertown, Connecticut",NPCC,,
497,Sabotage,2012,1/5/2012,10:35:00,1/5/2012,12:25:00,American Electric Power,"CSWS/AEP West territory, Oklahoma",SPP,0,0
498,Suspected physical attack,2012,1/5/2012,10:28:00,1/5/2012,12:25:00,Oklahoma Gas and Electric,"Creek County, Oklahoma",SPP,,
499,Suspected physical attack,2012,1/4/2012,12:14:00,1/4/2012,12:14:00,Tacoma Power (TPWR),"Tacoma, Washington",WECC,,
500,Suspected Physical Attack,2011,12/31/2011,21:26:00,12/31/2011,21:26:00,City of Tacoma (TPWR),"Tacoma, Washington",WECC,,
501,Suspected Cyber Attack,2011,12/21/2011,10:30:00,12/21/2011,10:30:00,Idaho Power Company,"Boise, Idaho",WECC,0,0
502,Suspected Physical Attack,2011,12/20/2011,09:30:00,12/20/2011,09:31:00,City of Tacoma (TPWR),"Tacoma, Washington",WECC,,
503,Suspected Physical Attack,2011,12/20/2011,07:45:00,12/20/2011,08:45:00,PacifiCorp,"Sweet Home, Oregon",WECC,12,"2,500"
504,Suspected Physical Attack,2011,12/19/2011,08:48:00,12/19/2011,16:00:00,City of Tacoma (TPWR),"Croft Substation, Tacoma, Washington",WECC,,
505,Suspected Physical Attack,2011,12/13/2011,03:19:00,12/14/2011,03:19:00,Dayton Power & Light,Clinton County Ohio,RFC,,0
506,Suspected Physical Attack,2011,12/8/2011,08:45:00,12/8/2011,16:30:00,City of Tacoma (TPWR),"Tacoma, Washington",WECC,,
509,Suspected Physical Attack,2011,12/6/2011,17:38:00,12/7/2011,11:04:00,ITC Holdings,"Montague, Michigan",RFC,0,0
510,Suspected Physical Attack,2011,12/5/2011,14:00:00,12/6/2011,17:00:00,City of Tacoma (TPWR),"Tacoma, Washington",WECC,,
511,Suspected Physical Attack,2011,12/2/2011,16:15:00,12/2/2011,20:30:00,Luminant Energy Company LLC,Rusk County Texas,TRE,,
515,Vandalism,2011,11/30/2011,10:00:00,11/30/2011,11:00:00,City of Tacoma - TPWR,"Orchard Substation, Washington",WECC,0,0
517,Suspected Physical Attack,2011,11/22/2011,23:16:00,11/22/2011,23:16:00,Northern Indiana Public Service Co,Indiana,RFC,0,0
518,Vandalism,2011,11/14/2011,14:24:00,11/14/2011,14:24:00,Atlantic City Electric,"McKee, New Jersey",RFC,0,0
519,Vandalism,2011,11/13/2011,11:30:00,11/13/2011,12:00:00,ISO New England / obo Public Service of New Hampshire,"Cate Road, Deerfield, New Hampshire",NPCC,0,0
520,Vandalism,2011,11/4/2011,10:46:00,11/4/2011,10:46:00,PacifiCorp,"Sweetwater County, Wyoming",WECC,0,0
532,Vandalism,2011,10/27/2011,01:00:00,10/27/2011,02:36:00,Midwest ISO,"Munster, Indiana",RFC,,
534,Suspected Physical Attack,2011,10/24/2011,23:37:00,10/26/2011,23:00:00,PJM Interconnection,"Holmesburg Substation, Philadelphia, Pennsylvania",RFC,0,0
535,Vandalism,2011,10/20/2011,07:15:00,10/20/2011,07:15:00,Atlantic City Electric,"McKee, New Jersey",RFC,0,0
536,Suspected Physical Attack,2011,10/18/2011,03:45:00,10/18/2011,05:25:00,PECO Energy,"Holmesburg Substation, Philadelphia, Pennsylvania",RFC,0,0
537,Vandalism,2011,10/17/2011,15:44:00,10/17/2011,15:44:00,Duke Energy,Southwest Ohio,RFC,7,"2,000"
538,Vandalism,2011,10/17/2011,03:34:00,10/17/2011,10:42:00,Potomac Electric Power Company,"Seat Pleasant, Maryland",RFC,0,0
539,Vandalism,2011,10/14/2011,14:20:00,10/14/2011,14:20:00,Atlantic City Electric,"English Creek, New Jersey",RFC,0,0
540,Suspected Physical Attack,2011,10/7/2011,08:04:00,10/7/2011,16:00:00,City of Tacoma - TPWR,"Olympic Pipeline, Spanaway, Washington",WECC,,
541,Vandalism,2011,10/6/2011,11:07:00,10/6/2011,11:07:00,PacifiCorp,"Oquirrh Substation, Utah",WECC,0,0
542,Suspected Physical Attack,2011,9/30/2011,08:22:00,9/30/2011,08:22:00,Delmarva Power & Light Company,"Wilmington, Delaware",RFC,0,0
543,Vandalism,2011,9/29/2011,18:44:00,9/30/2011,16:00:00,City of Tacoma (TPWR),"Collins Substation, Tacoma, Washington",WECC,,
545,Suspected Physical Attack,2011,9/28/2011,16:41:00,9/28/2011,16:41:00,Delmarva Power & Light Company,"Bethany Beach, Delaware",RFC,0,0
546,Vandalism,2011,9/28/2011,14:59:00,9/28/2011,14:59:00,Atlantic City Electric,"Dorothy, New Jersey",RFC,0,0
547,Vandalism,2011,9/28/2011,09:30:00,9/28/2011,13:00:00,ISO New England/Convex,"Watertown, Connecticut",NPCC,,
548,Vandalism,2011,9/26/2011,10:15:00,9/26/2011,10:15:00,Atlantic City Electric,"McKee City, New Jersey",RFC,0,0
549,Vandalism,2011,9/24/2011,16:17:00,9/25/2011,16:00:00,City of Tacoma (TPWR),"Collins Substation, Tacoma, Washington",WECC,,
550,Vandalism,2011,9/23/2011,09:04:00,9/23/2011,09:04:00,The United Illuminating Company,"North Haven, Connecticut",NPCC,0,0
551,Vandalism,2011,9/22/2011,14:50:00,9/22/2011,14:51:00,Dayton Power & Light,"Montgomery County, Ohio",RFC,,0
553,Suspected Physical Attack,2011,9/21/2011,10:30:00,9/21/2011,10:30:00,Delmarva Power & Light Company,"Hockessin, Delaware",RFC,0,0
554,Vandalism,2011,9/20/2011,12:55:00,9/20/2011,17:00:00,City of Tacoma (TPWR),"Lacamas Substaion, Washington",WECC,,
555,Vandalism,2011,9/14/2011,09:00:00,9/14/2011,14:00:00,PacifiCorp,"Salt Lake County, Utah",WECC,0,0
556,Vandalism,2011,9/13/2011,14:03:00,9/13/2011,18:21:00,New York Power Authority,"Saranac, New York",NPCC,,0
557,Vandalism,2011,9/13/2011,11:43:00,9/14/2011,16:00:00,City of Tacoma (TPWR),"Lacamas Substation, Roy, Washington",WECC,,
558,Vandalism,2011,9/12/2011,09:15:00,9/12/2011,15:30:00,Atlantic City Electric,"English Creek, New Jersey",RFC,0,0
559,Vandalism,2011,9/8/2011,19:53:00,9/9/2011,16:00:00,City of Tacoma (TPWR),"Collins Substation, Tacoma, Washington",WECC,,
561,Actual Physical Attack,2011,9/7/2011,00:08:00,9/7/2011,10:50:00,ISO New England,Western Connecticut; New York,NPCC,0,0
564,Vandalism,2011,9/1/2011,08:13:00,9/1/2011,16:00:00,City of Tacoma (TPWR),"Graham Substaion, Washington",WECC,,
565,Suspected Physical Attack,2011,8/31/2011,12:52:00,8/31/2011,12:52:00,Duke Energy,Southwest Ohio,RFC,0,0
566,Suspected Physical Attack,2011,8/28/2011,20:55:00,8/28/2011,23:39:00,PacifiCorp,"Calapooya Substation, Oregon",WECC,0,0
590,Suspected Physical Attack,2011,8/25/2011,00:01:00,8/25/2011,00:01:00,Central Maine Power Company,Maine,NPCC,0,0
597,Suspected Physical Attack,2011,8/22/2011,10:05:00,8/22/2011,16:00:00,City of Tacoma (TPWR),"Collins Substation, Washington",WECC,,
600,Suspected Physical Attack,2011,8/18/2011,09:51:00,8/18/2011,16:00:00,City of Tacoma (TPWR),"Collins Substation, Washington",WECC,,
601,Vandalism,2011,8/15/2011,02:05:00,8/15/2011,03:40:00,PacifiCorp,Utah,WECC,0,0
603,Vandalism,2011,8/9/2011,10:26:00,8/9/2011,17:00:00,City of Tacoma (TPWR),"Polk Substation, Tacoma, Washington",WECC,,
605,Vandalism,2011,8/8/2011,09:35:00,8/8/2011,16:00:00,City of Tacoma (TPWR),"Collins Substation, Washington",WECC,,
607,Suspected Physical Attack,2011,8/8/2011,09:30:00,8/8/2011,09:30:00,Dayton Power & Light,"Greene County, Ohio",RFC,0,0
615,Vandalism,2011,8/1/2011,14:18:00,8/1/2011,14:18:00,PacificCorp,"Jefferson, Oregon",WECC,,
616,Vandalism,2011,7/29/2011,11:46:00,7/29/2011,17:00:00,City of Tacoma (TPWR),"Fredrickson, Washington",WECC,,
618,Vandalism,2011,7/28/2011,19:25:00,7/28/2011,19:25:00,City of Tacoma (TPWR),"Spanaway, Washington",WECC,,
619,Vandalism,2011,7/28/2011,13:32:00,7/28/2011,13:32:00,Northern Indiana Public Service Company (NIPSCO),Indiana,RFC,,
622,Vandalism,2011,7/27/2011,12:07:00,7/27/2011,12:08:00,Tacoma Power (TPWR),"Fife, Washington",WECC,,
623,Vandalism,2011,7/26/2011,12:01:00,7/26/2011,12:01:00,Western Farmers Electric Cooperative,"Backup Control Center, Oklahoma",SPP,0,0
624,Vandalism,2011,7/24/2011,14:34:00,7/24/2011,15:47:00,Public Service of NH (Northeast Utilities),"Southern, New Hampshire",NPCC,0,0
630,Vandalism,2011,7/20/2011,09:10:00,7/20/2011,16:30:00,Tacoma Power (TPWR),"Frederickson Substation, Washington",WECC,,
631,Vandalism,2011,7/19/2011,11:45:00,7/19/2011,15:00:00,Central Maine Power Company,Maine,NPCC,,
635,Suspected Physical Attack,2011,7/12/2011,20:20:00,7/12/2011,21:30:00,Gen On,California,WECC,UNK,UNK
636,Vandalism,2011,7/12/2011,12:00:00,7/12/2011,12:00:00,Central Maine Power Company,Maine,NPCC,,0
638,Vandalism,2011,7/11/2011,13:30:00,7/11/2011,13:30:00,Central Maine Power Company,Maine,NPCC,,0
639,Vandalism,2011,7/11/2011,13:13:00,7/11/2011,13:13:00,Duke Energy,Southwest Ohio,RFC,0,0
643,Vandalism,2011,7/8/2011,10:00:00,7/8/2011,10:00:00,Minnesota Power,"Saginaw, Minnesota",MRO,0,0
644,Suspected Cyber Attack,2011,7/8/2011,10:00:00,7/11/2011,09:00:00,PJM Interconnection,"PJM Corporate Office, Pennsylvania",RFC,UNK,UNK
645,Vandalism,2011,7/6/2011,09:51:00,7/6/2011,09:52:00,ISO New England,Vermont,NPCC,,
646,Vandalism,2011,7/5/2011,10:40:00,7/5/2011,11:37:00,PacifiCorp,West Valley Substation Utah,WECC,0,0
649,Vandalism,2011,7/1/2011,16:38:00,7/1/2011,22:38:00,Dayton Power & Light,Greene County Ohio,RFC,,0
651,Vandalism,2011,7/1/2011,08:00:00,7/1/2011,08:01:00,ISO New England,"CONVEX Local Control Center, Connecticut",NPCC,0,0
653,Vandalism,2011,6/30/2011,22:31:00,6/30/2011,22:31:00,Tacoma Power (TPWR),"Olympic Pipeline Substation, Washington",WECC,0,0
657,Vandalism,2011,6/27/2011,18:55:00,6/27/2011,18:55:00,City of Tacoma (TPWR),"Olympic Pipeline Substation, Washington",WECC,UNK,UNK
662,Vandalism,2011,6/23/2011,08:10:00,6/23/2011,09:00:00,ISO New England/Velco,"Highgate, Vermont",NPCC,0,0
663,Vandalism,2011,6/22/2011,20:12:00,6/22/2011,20:12:00,Tacoma Power (TPWR),"Knoble Substation, Spanaway, Washington",WECC,0,0
668,Vandalism,2011,6/20/2011,10:36:00,6/20/2011,10:36:00,Tacoma Power (TPWR),"Collins Substation, Washington",WECC,0,0
672,Vandalism,2011,6/15/2011,16:00:00,6/16/2011,06:30:00,PacifiCorp,"Bingham County, Idaho",WECC,,
676,Suspected Physical Attack,2011,6/9/2011,14:15:00,6/9/2011,14:15:00,Southern California Edison (SCE),"San Antonio Dam Area, Los Angeles County, California",WECC,0,0
679,Vandalism,2011,6/8/2011,12:58:00,6/8/2011,12:58:00,Tacoma Power (TPWR),"Fredrickson Substation, Washington",WECC,,
685,Vandalism,2011,6/4/2011,01:17:00,6/4/2011,03:25:00,Pacific Gas and Electric,"Midway, California",WECC,UNK,420
694,Physical Attack,2011,5/24/2011,09:00:00,5/25/2011,09:10:00,Edison Mission Generation (Fisk Station),"Chicago, Illinois",RFC,0,0
698,Physical Attack,2011,5/21/2011,17:00:00,5/22/2011,18:34:00,"Terra-Gen Dixie Valley, LLC","Dixie Valley Area, Nevada",WECC,56,UNK
699,Vandalism,2011,5/13/2011,06:00:00,5/13/2011,06:00:00,PacifiCorp,"Salt Lake, Utah",WECC,0,0
701,Vandalism,2011,5/11/2011,15:55:00,5/12/2011,13:57:00,Minnesota Power,"Colbyville, Haines Road and Arrowhead Substations, Minnesota",MRO,0,0
702,Vandalism,2011,5/11/2011,13:35:00,5/11/2011,13:35:00,PacifiCorp,"Green River, Wyoming",WECC,0,0
703,Vandalism,2011,5/11/2011,11:00:00,5/11/2011,11:30:00,Central Hudson Gas & Electric Corp.,"North Chelsea Substation, New York",NPCC,0,0
704,Vandalism,2011,5/10/2011,13:45:00,5/10/2011,15:00:00,ISO New England,New Hampshire,NPCC,0,0
707,Vandalism,2011,5/9/2011,13:11:00,5/9/2011,13:11:00,Public Service of New Hampshire,"Milton, New Hampshire",NPCC,0,0
708,Suspected Physical Attack,2011,5/9/2011,04:08:00,5/9/2011,06:40:00,"Exelon Generation Company, LLC","Holtwood, Pennsylvania",RFC,630,UNK
709,Vandalism,2011,5/8/2011,19:35:00,5/8/2011,19:35:00,"Castleton Power, LLC",New York,NPCC,UNK,0
710,Vandalism,2011,5/6/2011,06:56:00,5/6/2011,10:30:00,PacifiCorp,"Alderwood Substation, Portland, Oregon",WECC,0,0
711,Vandalism,2011,5/5/2011,09:15:00,5/5/2011,09:15:00,ISO New England,New Hampshire,NPCC,0,0
712,Suspected Sabotage,2011,5/4/2011,12:20:00,5/4/2011,15:40:00,"ITC Holdings, Inc.",Michigan,RFC,0,0
713,Suspected Physical Attack,2011,5/4/2011,13:08:00,5/4/2011,13:25:00,FirstEnergy Generation,Maryland,RFC,0,0
714,Suspected Physical Attack,2011,5/3/2011,12:00:00,5/5/2011,12:00:00,New York Power Authority,"St. Lawrence Power Dam, New York",NPCC,0,0
716,Suspected Physical Attack,2011,5/2/2011,14:00:00,5/2/2011,14:00:00,The United Illuminating Company,"West River Substation, New Haven, Connecticut",NPCC,0,0
717,Vandalism,2011,5/2/2011,08:52:00,5/2/2011,10:46:00,PacifiCorp,"N. Ogden Substation, Ogden, Utah",WECC,0,0
724,Vandalism,2011,4/26/2011,13:04:00,4/26/2011,14:00:00,PacifiCorp,"Salt Lake City, Utah",WECC,0,0
730,Suspicious Activity,2011,4/21/2011,19:00:00,4/29/2011,19:05:00,ITC Holdings,"Trenton, Michigan",RFC,UNK,UNK
731,Vandalism,2011,4/21/2011,07:15:00,4/21/2011,16:50:00,PacifiCorp,"Oquirrh Substation, Salt Lake City, Utah",WECC,0,0
737,Vandalism,2011,4/19/2011,14:01:00,4/19/2011,16:04:00,Tacoma Power Water Rail (TPWR),"Graham, Washington",WECC,0,0
740,Suspicious Activity,2011,4/11/2011,17:40:00,4/11/2011,17:51:00,PacifiCorp,"Salt Lake City, Utah",WECC,0,0
741,Vandalism,2011,4/6/2011,10:50:00,4/6/2011,10:50:00,Delmarva Power & Light Company,"Felton, Delaware",RFC,0,0
749,Suspected Cyber Attack,2011,4/3/2011,20:23:00,4/5/2011,15:00:00,Entergy Corporation,,SERC,0,0
755,Vandalism,2011,3/21/2011,00:57:00,3/21/2011,02:29:00,ISO New England,"Deerfield, New Hampshire",NPCC,,
758,Vandalism,2011,3/18/2011,09:54:00,3/18/2011,15:34:00,Dayton Power & Light,"Greene County, Ohio",RFC,,
759,Vandalism,2011,3/17/2011,07:40:00,3/17/2011,11:00:00,ISO New England,"Deerfield, New Hampshire",NPCC,,
760,Suspected Physical Attack,2011,3/15/2011,18:00:00,3/15/2011,19:14:00,"Entergy Services, Incorporated","The Woodlands, Texas",TRE,,
761,Suspected Cyber Attack,2011,3/14/2011,07:30:00,3/14/2011,16:55:00,Baltimore Gas & Electric,"Baltimore, Maryland",RFC,,
764,Suspected Physical Attack,2011,3/10/2011,12:03:00,3/11/2011,06:00:00,ERCOT ISO,Texas,TRE,,
766,Vandalism,2011,3/6/2011,02:54:00,3/8/2011,08:00:00,PacifiCorp,"Salt Lake City Region, Utah",WECC,UNK,0
771,Vandalism,2011,2/25/2011,10:30:00,2/25/2011,10:45:00,PacifiCorp,"Salt Lake City, Utah",WECC,0,0
774,Vandalism,2011,2/19/2011,16:34:00,2/19/2011,16:34:00,Delmarva Power & Light Company,"Harrington, Delaware",RFC,0,0
776,Suspected Cyber Attack,2011,2/17/2011,13:00:00,2/23/2011,16:53:00,City of Roseville (Roseville Electric),"Roseville, California",WECC,0,0
778,Vandalism,2011,2/10/2011,13:00:00,2/10/2011,13:00:00,Tacoma Power - TPWR,"LaGrande, Washington",WECC,0,0
779,Vandalism,2011,2/9/2011,14:54:00,2/9/2011,17:00:00,Tacoma Power - TPWR,"University Place, Washington",WECC,0,0
782,Suspected Cyber Attack,2011,2/3/2011,14:30:00,2/3/2011,14:30:00,Potomac Electric Power Co/PEPCO Holdings Inc.,"Bowie, Maryland",RFC,,0
793,Vandalism,2011,1/27/2011,09:30:00,1/27/2011,09:30:00,Delmarva Power & Light Company,"Hockessin, Delaware",RFC,0,0
797,Suspected Telecommunications Attack,2011,1/26/2011,09:25:00,1/27/2011,17:00:00,NV Energy,"Carson City, Nevada",WECC,0,0
798,Vandalism,2011,1/26/2011,09:33:00,1/27/2011,15:03:00,ITC Transmission,Michigan,RFC,0,0
800,Vandalism,2011,1/25/2011,03:23:00,1/25/2011,11:00:00,Atlantic City Electric,"Newark, Delaware",RFC,0,0
801,Suspicious Activity,2011,1/24/2011,13:20:00,1/24/2011,13:30:00,El Paso Electric Company,"Newman Power Plant, Texas",WECC,0,0
802,Vandalism,2011,1/23/2011,07:00:00,1/23/2011,13:00:00,PacifiCorp,"Franklin County, Idaho",WECC,0,0
803,Vandalism,2011,1/18/2011,14:00:00,1/18/2011,14:00:00,National Grid,"Whitman, Auburn St Substation, Massachusetts",NPCC,0,0
1578,Vandalism,2003,4/28/2003,15:41:00,4/29/2003,12:00:00,American Transmission Company,"County of Waukesha,  Wisconsin,  Town of Lisbon, Wisconsin",MAIN,0,0
1583,Cyber Threat From Internet,2003,1/25/2003,14:00:00,1/26/2003,02:00:00,Cinergy Corporation,"Cincinnati, Ohio",ECAR,,
1601,Vandalism/Insulators,2002,4/8/2002,15:00:00,3/9/2002,,Arizona Public Service,Arizona,WECC,0,0
1635,Vandalism,2000,5/31/2000,01:15:00,,,Arizona Public Serv Co.,Arizona,WECC,None,None
1643,Suspected Sabotage,2000,4/20/2000,,,,Independence Electricity Market Operator,,NPCC,None,None
1648,Vandalism,2000,3/14/2000,21:06:00,,,Alliant Energy,Maine,MAIN,,
